"ID","Description","GeneRatio","BgRatio","pvalue","p.adjust","qvalue","geneID","Count"
"R-MMU-193993","Mineralocorticoid biosynthesis","2/14","10/8772",0.000105673412114749,0.00679075721292511,0.00473673616627623,"Hsd3b5/Hsd3b2",2
"R-MMU-193048","Androgen biosynthesis","2/14","15/8772",0.000245449055888859,0.00679075721292511,0.00473673616627623,"Hsd3b5/Hsd3b2",2
"R-MMU-194002","Glucocorticoid biosynthesis","2/14","15/8772",0.000245449055888859,0.00679075721292511,0.00473673616627623,"Hsd3b5/Hsd3b2",2
"R-MMU-8957322","Metabolism of steroids","3/14","125/8772",0.000916719695810406,0.017782605341179,0.0124038464649949,"Hsd3b5/Hsd3b2/Cyp7a1",3
"R-MMU-2173782","Binding and Uptake of Ligands by Scavenger Receptors","2/14","31/8772",0.0010712412856132,0.017782605341179,0.0124038464649949,"Cd36/Saa1",2
"R-MMU-196071","Metabolism of steroid hormones","2/14","41/8772",0.00187192599136695,0.0258949762139095,0.0180624437763478,"Hsd3b5/Hsd3b2",2
"R-MMU-211859","Biological oxidations","3/14","202/8772",0.003630513426871,0.0430475163471847,0.0300268027786323,"Fmo1/Cyp7a1/Ugt2b1",3
